,batch_size,lr,mlp_dropout,weight_decay,hidden_size,grad_clip,result_variance,tuning_epochs,tuning_loss_MSE
0,32,0.01,0.4,0.01,16,5.0,8.599202906065812e-06,20,0.14823710365664886
1,16,1e-06,0.0,0.001,256,,0.0003274829068623837,100,0.17923134204266883
2,64,1e-06,0.0,1e-05,8,,1.2003889430931184e-05,100,0.29253219768270344
3,64,1e-05,0.5,0.0001,128,2.0,0.0005228099551139065,100,0.16841455698427515
4,128,1e-05,0.1,0.0001,128,2.0,0.0002846810885744598,85,0.1459808774877539
5,16,0.0001,0.1,0.001,64,5.0,0.0001432167425405467,100,0.1449460090687492
6,256,0.0001,0.1,0.0001,256,,0.0002827466171536888,100,0.15321261310759646
7,64,1e-06,0.2,0.0001,128,1.0,0.00047231182480381986,100,0.1897356397932482
8,16,1e-06,0.5,1e-05,128,,0.0006858643376210099,60,0.21259544447447543
9,64,1e-05,0.3,1e-05,8,1.0,0.000122741965855604,100,0.2352400943481566
10,64,0.0001,0.4,0.0001,256,5.0,0.0004112384350977097,100,0.1416721186656932
11,128,0.01,0.1,0.001,64,0.5,1.977221620862322e-05,26,0.1403747302074247
12,64,1e-05,0.1,0.1,8,0.5,0.0009274333050831611,100,0.15942740213175133
13,64,1e-05,0.0,0.1,256,,0.0007367027667502246,100,0.15430460610349944
14,32,1e-06,0.4,0.0,128,0.5,3.05945765800167e-05,62,0.1887857484974904
15,64,0.01,0.4,0.1,256,,0.0002104071717707271,18,0.1499343155810119
16,32,0.01,0.0,0.001,64,1.0,7.0246493624560745e-06,30,0.13952720060250756
17,16,1e-05,0.3,0.01,8,1.0,0.0007222431387360024,100,0.16784588314639437
18,32,0.0001,0.4,0.0001,256,5.0,0.0004606678827582158,100,0.14312243774336522
19,128,0.01,0.2,1e-05,8,2.0,8.663865504845494e-05,96,0.14764118656837086
20,64,0.001,0.2,1e-05,16,0.5,8.20765999189562e-05,100,0.14289121058788293
21,128,0.01,0.1,0.1,8,0.5,2.663618234372316e-05,18,0.14861082405348963
22,32,0.0001,0.5,1e-05,256,2.0,0.00042307541236348285,100,0.14155577669920733
23,64,1e-06,0.2,0.1,16,1.0,0.0006958696849297432,100,0.2006342909831484
24,32,1e-05,0.3,0.01,128,1.0,0.0005941805172402284,100,0.1535757059165386
25,256,0.001,0.4,0.001,64,1.0,0.00017726938664864043,100,0.14112929449137754
26,32,1e-05,0.0,0.0,64,,0.000555904935387489,100,0.14538361843962733
27,16,0.001,0.0,0.1,8,2.0,1.3586176994408679e-05,18,0.14930411759890808
28,128,0.001,0.3,0.0001,16,0.5,0.00011886273372423559,100,0.1395520231121526
29,64,0.01,0.0,0.0,16,1.0,7.539789575844176e-05,100,0.15398010746359078
30,64,1e-05,0.1,0.001,256,1.0,0.0001793716900552093,100,0.14518652462023177
31,16,0.0001,0.0,0.01,256,0.5,6.500577175336857e-05,54,0.13864991071221727
32,32,1e-06,0.4,1e-05,128,2.0,0.00015453856391793296,100,0.18508552152552152
33,64,0.01,0.5,0.01,64,1.0,2.591040217558611e-05,19,0.14911183658327137
34,256,0.001,0.4,0.0001,8,,4.6680716607238684e-05,100,0.13813505187433905
35,32,0.001,0.4,0.01,256,2.0,0.00012606473019133554,27,0.13817598722186497
36,16,0.01,0.2,0.001,128,1.0,1.64023368435403e-05,19,0.16453936757355453
37,16,0.01,0.1,0.1,256,,3.771023628241431e-05,18,0.14870159902698551
38,32,1e-06,0.2,1e-05,8,0.5,7.800396784328247e-06,44,0.30245548572450814
39,128,1e-06,0.1,0.0001,64,1.0,0.0006745781462443383,100,0.17703866655831538
40,64,1e-05,0.5,0.001,64,5.0,0.0004304547306878823,100,0.16875539042619966
41,32,1e-05,0.2,1e-05,128,,0.00043664932626396897,100,0.14503300680602235
42,64,0.01,0.3,0.01,8,2.0,2.6531624139319353e-05,22,0.14814906827147592
43,32,0.0001,0.1,0.0,16,,0.00039769265636866726,100,0.14040549215009596
44,16,0.01,0.3,0.1,64,,3.5891321059183133e-06,19,0.15336204306212792
45,64,0.001,0.5,0.0,64,,0.00010684811040793037,100,0.13894563170668978
46,32,0.0001,0.2,0.1,256,1.0,0.00018894668394225234,55,0.1420820440141752
47,64,1e-06,0.0,0.1,8,,3.474102350932863e-05,100,0.27847661423840564
48,16,0.01,0.4,0.0001,128,,9.181004049824663e-05,20,0.1442776374575825
49,16,1e-05,0.1,0.01,256,5.0,0.00029041424091481074,100,0.14211301093427897
50,128,1e-05,0.2,0.001,128,0.5,0.0002666510186428946,100,0.14600086941372778
51,256,1e-06,0.0,1e-05,256,2.0,0.000928924796229956,100,0.15691564425650034
52,16,0.01,0.2,0.01,64,2.0,2.7443715007955154e-06,18,0.15053044856630157
53,32,1e-05,0.4,0.001,128,2.0,0.0004601400964062791,100,0.1544011885317106
54,128,1e-05,0.5,0.1,16,0.5,0.0008770589168844596,100,0.17633583477754572
55,256,0.001,0.5,1e-05,128,2.0,0.0001924385164646227,100,0.140998646300066
56,128,1e-05,0.5,0.1,64,0.5,0.000427300984839523,100,0.1752533886439275
57,32,0.0001,0.2,0.0,128,1.0,0.0002718856233102997,100,0.14487557608874993
58,128,0.01,0.3,1e-05,64,5.0,5.709879149983799e-05,100,0.13966906002054122
59,32,1e-06,0.5,0.1,16,0.5,8.928219123470276e-06,20,0.2732824539541784
60,16,1e-05,0.3,1e-05,128,,0.0005000409588528915,100,0.14348315886733762
61,128,0.01,0.4,0.1,64,0.5,2.028936376763232e-05,19,0.14834384529995703
62,16,0.001,0.1,0.0,64,,8.866333446121963e-05,100,0.15675316250224838
63,16,0.001,0.0,0.001,256,5.0,4.255781665405862e-05,100,0.13941176305055783
64,128,0.0001,0.3,0.01,8,5.0,0.00017409616563239476,100,0.13871608382716122
65,256,0.0001,0.2,1e-05,256,,0.0002961884125727872,100,0.1455887930976425
66,128,0.0001,0.2,0.001,256,2.0,0.00030242324725602925,100,0.14983002874298673
67,64,0.0001,0.2,0.1,128,1.0,0.0001860159594661902,85,0.13798700164773134
68,256,1e-06,0.5,1e-05,16,0.5,9.969051254721158e-05,43,0.27212195362872427
69,32,1e-05,0.0,1e-05,8,,0.0007577467453061779,100,0.1427381640593984
70,32,0.0001,0.4,1e-05,8,1.0,0.0012898628217946945,100,0.13977398259139376
71,16,0.001,0.5,0.001,16,0.5,9.584425279983334e-05,25,0.13999491109667428
72,32,1e-06,0.0,0.001,8,1.0,3.1115687915322656e-05,100,0.26178073661454937
73,32,0.01,0.0,0.1,16,2.0,3.4441387442678715e-07,18,0.14817989019572197
74,256,1e-06,0.0,0.0001,16,1.0,1.4594309272124904e-05,100,0.23504069789653856
75,128,1e-06,0.2,0.001,128,,0.0007480309585664423,100,0.1879348782717643
76,128,0.0001,0.1,1e-05,256,2.0,0.0003726002049726011,100,0.15619652446584623
77,32,0.01,0.2,0.01,128,0.5,9.870919071478796e-06,18,0.1482668629567229
78,16,0.01,0.0,0.1,64,,7.618769121065381e-07,26,0.1504124034291924
79,32,0.0001,0.1,1e-05,128,,0.0002551612857283342,100,0.15303878723808756
80,64,1e-06,0.3,0.0001,256,2.0,0.0003074495199656951,100,0.17858922695889914
81,16,0.0001,0.5,0.0001,64,1.0,0.00036859874932624497,100,0.13910419886687134
82,16,0.001,0.4,0.1,256,1.0,8.288966666970474e-05,20,0.1484985255093273
83,128,1e-05,0.3,0.1,256,0.5,0.0004528586455864812,100,0.14673375962839266
84,32,0.001,0.4,0.01,64,2.0,0.0001476630878498364,24,0.1387030792182481
85,64,0.0001,0.5,1e-05,128,5.0,0.0005445203096209212,100,0.14021992642818182
86,32,1e-05,0.2,0.0,8,,0.0002958456106078562,100,0.1480262222163291
87,16,0.001,0.2,0.01,128,1.0,5.1984458067942256e-05,29,0.14152381221211727
88,256,0.0001,0.5,0.001,64,0.5,0.0005536898389853415,100,0.14333842415168435
89,256,0.0001,0.2,0.0,64,5.0,0.00020160713253490232,100,0.1400766234687006
90,128,0.0001,0.2,0.001,128,1.0,0.0002180201882524619,100,0.14312402676011723
91,64,0.001,0.0,1e-05,256,5.0,0.0009413965463307,100,0.1816954167312512
92,256,1e-05,0.1,0.1,64,5.0,0.0008010878097193139,100,0.15342282706805616
93,16,0.01,0.0,0.0,128,,7.270743168017195e-05,100,0.1548513205599006
94,16,0.0001,0.5,1e-05,128,1.0,0.00030207541431235554,100,0.13988286456335244
95,128,0.0001,0.1,1e-05,16,5.0,0.0003174674552555201,100,0.14111858100382466
96,64,1e-05,0.5,0.01,64,5.0,0.0006541443887108584,100,0.16715115716343046
97,64,1e-06,0.0,0.001,256,0.5,0.0008672446635952864,100,0.15936680283912608
98,16,0.0001,0.1,0.001,16,,0.0004559194310647933,100,0.13880413354810034
99,32,1e-05,0.5,0.1,128,0.5,0.0014225306675994523,100,0.14159812801740831
100,64,1e-05,0.5,0.001,128,2.0,0.0005648693178388509,100,0.16923624488154246
101,256,1e-06,0.3,0.01,64,2.0,7.891768054063509e-05,25,0.28238438656132947
102,32,0.01,0.2,0.001,128,1.0,4.699102779965485e-05,22,0.15043934340523382
103,64,1e-06,0.4,0.1,256,1.0,0.0012881439301432355,100,0.1963572567705482
104,256,1e-06,0.5,0.0001,128,,0.00017604050440012952,53,0.22881849624366707
105,256,0.0001,0.0,1e-05,256,,0.0006450379613043322,100,0.17567233537078483
106,32,0.01,0.5,0.1,256,1.0,4.4336492849171966e-05,22,0.14822370766185075
107,256,0.0001,0.1,0.1,128,,0.000458093741649174,100,0.15294545496748585
108,32,0.001,0.3,0.1,256,,0.00010302975068837354,23,0.14919164273124175
109,64,0.01,0.1,0.0001,8,,9.658036729357831e-06,70,0.14267595256157764
110,64,1e-06,0.5,0.0001,256,,0.0001916625773831324,85,0.20586062414601414
111,16,0.0001,0.1,0.001,256,5.0,0.00028579329595050407,100,0.15508336565658565
112,64,1e-05,0.4,0.01,16,1.0,0.0009446903915806667,100,0.16329331795029378
113,128,0.0001,0.4,0.0001,64,5.0,0.0003686848952473327,100,0.13940210575503223
114,256,1e-06,0.2,0.001,16,,0.00017199833985412656,17,0.3281900207374227
115,256,0.0001,0.5,0.0001,64,,0.0006477705161230617,100,0.14265320058122452
116,16,0.001,0.5,0.0,16,0.5,4.323497755599795e-05,75,0.13890911091566915
117,32,1e-05,0.3,0.1,256,1.0,0.0007700836705632464,100,0.14390268061540457
118,64,0.001,0.1,0.01,8,1.0,5.858935607993072e-05,87,0.13769204057986079
119,256,0.0001,0.5,0.0,128,0.5,0.0006004080685400168,100,0.1428224079761346
120,32,0.001,0.5,0.001,64,,0.00016462960089949242,48,0.13758603858400997
121,128,0.0001,0.4,1e-05,128,5.0,0.0006967405029718415,100,0.14137404723619734
122,32,0.0001,0.3,0.001,16,2.0,0.0006017614517136595,100,0.1377554723372925
123,128,1e-06,0.0,0.01,8,1.0,1.032279307430593e-05,100,0.3026078952899652
124,16,0.0001,0.0,0.0001,16,2.0,6.73682336277625e-05,100,0.14551753455396324
125,128,0.0001,0.0,0.0001,64,5.0,0.0008526157173463594,100,0.159388869093722
126,16,0.0001,0.0,0.0001,256,5.0,0.0003877031415258222,100,0.1677192952357041
127,32,0.001,0.3,0.0,16,,0.0001030951531719631,100,0.13994856742084483
128,256,0.001,0.2,0.0,16,2.0,0.00016245736351862012,100,0.14184500458880048
129,32,0.0001,0.5,1e-05,128,5.0,0.0005439077947420525,100,0.13928902465189968
130,128,1e-05,0.4,0.1,8,2.0,9.379782289430688e-05,100,0.26637856126494336
131,64,0.0001,0.5,0.01,16,0.5,0.001179772682400283,100,0.13914367392752383
132,32,0.001,0.0,0.1,16,0.5,2.272575487873005e-05,21,0.14880289107126193
133,128,1e-05,0.5,0.001,256,,0.0005199689204906454,100,0.16538690756475702
134,16,1e-05,0.4,0.1,8,,0.0019326155178852917,100,0.14642900438711326
135,32,0.0001,0.1,0.1,8,5.0,0.00021214758890155002,52,0.14124038541499237
136,16,1e-05,0.4,1e-05,256,,0.00047469548956186194,100,0.15009993058969115
137,16,1e-06,0.1,0.01,16,2.0,7.290860309856328e-05,100,0.18123465268416403
138,16,1e-05,0.3,0.01,128,2.0,0.00043128232866599043,100,0.14453205208321923
139,32,1e-06,0.5,0.01,256,,0.00019578297599086517,100,0.197257621384396
140,32,0.01,0.1,0.0,64,,6.447158288251142e-05,100,0.14971086577544038
141,32,1e-05,0.0,0.0001,16,5.0,0.0011357134384779777,100,0.144394046090973
142,128,1e-05,0.0,0.01,128,0.5,0.0005366286319773452,100,0.1489074267617856
143,32,1e-05,0.3,0.1,8,1.0,0.0015063401512725738,100,0.17429409606059945
144,64,0.01,0.1,0.0,8,,2.886249220368881e-05,92,0.14055982898348648
145,64,1e-06,0.2,0.0,64,5.0,0.00011205682830074575,100,0.23914604410684465
146,64,0.001,0.5,0.0,8,5.0,0.00012608955074227575,70,0.13802304570980584
147,256,1e-06,0.5,0.0,16,,8.669233739674215e-06,28,0.24687084884507693
148,256,0.001,0.2,0.001,64,2.0,0.00018858938618667283,100,0.14654973421849005
149,256,0.01,0.4,0.1,16,0.5,0.00025501079536672296,20,0.14891336988541218
150,256,1e-05,0.4,0.01,16,0.5,0.00019223625097225836,100,0.21377893897748143
151,128,0.0001,0.1,0.0001,128,5.0,0.000247759408583139,100,0.14629673783857017
152,16,1e-06,0.4,0.0001,8,2.0,2.0757130340395718e-05,100,0.26767232047343437
153,256,0.01,0.0,0.1,16,0.5,4.040711733932714e-06,21,0.14928210165204067
154,64,1e-05,0.0,0.1,64,2.0,0.00037610527686063837,100,0.14458932594096519
155,32,0.01,0.4,0.1,256,,3.840202026877085e-05,28,0.14911723071042657
156,64,1e-06,0.2,1e-05,256,1.0,0.0005845113352084453,100,0.17592224204204743
157,16,1e-05,0.3,0.1,256,0.5,0.0007274808292706103,61,0.1453803484119045
158,16,0.001,0.0,0.0,256,0.5,0.0003263732338817829,100,0.16574701887191046
159,64,1e-06,0.5,0.001,128,0.5,0.00024737216651142416,100,0.214589230905729
160,32,0.0001,0.1,1e-05,128,0.5,0.00025545213956738335,100,0.1514895133296179
161,32,0.0001,0.0,0.0,64,5.0,0.00020511297574875114,100,0.1618085190415631
162,32,0.001,0.3,0.0,256,2.0,0.00021558984780572967,100,0.1470660415662503
163,64,1e-06,0.5,0.0,256,0.5,0.00022274835410308284,100,0.19921766997336346
164,256,0.001,0.4,0.0,16,2.0,0.00023895132521210523,100,0.13831802304624435
165,32,0.01,0.2,1e-05,64,,1.8078426132890617e-05,99,0.139319332589119
166,32,1e-06,0.4,0.0,64,,7.439870264643301e-05,88,0.23090960767800978
167,32,1e-05,0.0,1e-05,16,1.0,0.0012640991213056288,100,0.15231152620267505
168,32,1e-06,0.4,0.0001,64,5.0,6.972077707920861e-05,100,0.2149722519746831
169,128,0.001,0.4,0.0,256,,0.00017632986761303515,100,0.14793775955615066
170,128,0.01,0.0,0.01,64,5.0,1.719372743194579e-05,51,0.13904632176062232
171,16,0.001,0.5,0.0,64,2.0,5.717025660647219e-05,100,0.14000323784380345
172,128,1e-06,0.2,0.0001,128,5.0,0.00022251175604708157,100,0.18186640681037478
173,128,0.01,0.1,0.0,64,0.5,0.00013911558747148504,100,0.15042222031625796
174,256,0.001,0.3,0.1,16,1.0,0.0003888453977035614,47,0.1406239078018382
175,128,0.01,0.3,0.001,64,2.0,2.631306765174792e-05,32,0.14406369131231905
176,32,0.001,0.5,1e-05,8,,0.00015201587247618692,93,0.13898967467326104
177,16,0.01,0.2,0.1,256,2.0,3.3784982644940136e-05,18,0.14818905799483326
178,256,0.0001,0.3,0.001,64,1.0,0.0005067849287308322,100,0.14092917048202114
179,32,0.0001,0.5,0.0001,256,,0.0005307300579313323,100,0.143604117810022
180,64,1e-06,0.4,0.0001,16,0.5,0.00014875591269434462,73,0.16708143755762506
181,128,0.0001,0.5,0.0001,8,,0.0019267991760819414,100,0.14868327801305442
182,16,1e-06,0.0,0.001,256,2.0,0.0007416170739076386,100,0.15377988676703
183,64,0.01,0.5,0.001,64,2.0,4.0570434257628994e-05,21,0.14296529852449272
184,128,1e-05,0.4,0.1,16,1.0,0.0006211658372106027,100,0.1787306060531721
185,16,1e-06,0.3,0.001,128,,0.00015142844439068785,100,0.17064931928345195
186,128,1e-06,0.3,0.01,256,2.0,0.00014767559916504088,89,0.1778372634215186
187,128,1e-06,0.5,0.01,128,1.0,0.0005468507100159001,100,0.20702429618207507
188,32,1e-06,0.1,0.1,64,5.0,0.00022171356371362188,100,0.18154931361369575
189,32,1e-05,0.4,0.01,16,,0.0004814896543055325,100,0.18155820456497201
190,64,0.001,0.4,0.01,8,1.0,0.0004711275566650985,47,0.13889557936276056
191,128,1e-05,0.4,0.1,64,5.0,0.0023197899613094657,100,0.16659413462425787
192,32,1e-05,0.4,1e-05,8,,0.0006414892801356108,100,0.1486052753053
193,16,1e-06,0.2,0.01,16,0.5,2.1786418373575422e-05,88,0.2803983251612745
194,64,0.001,0.5,0.0,16,2.0,9.600662614434011e-05,99,0.13801673300942255
195,16,1e-05,0.2,0.1,64,2.0,0.0006027749309577291,100,0.14233293440335323
196,16,0.0001,0.4,1e-05,64,2.0,0.00037866318797529706,100,0.14045386629604978
197,64,0.01,0.4,0.01,128,0.5,3.547660163549421e-05,18,0.14822798381980878
198,128,0.001,0.1,0.0001,128,0.5,0.00042858814851814877,100,0.16380482666437787
199,64,0.01,0.3,0.001,16,5.0,1.634063201214047e-05,21,0.14049141597756087
200,256,0.0001,0.1,1e-05,256,,0.0002862386309479014,100,0.15358512130791815
201,64,1e-06,0.2,1e-05,8,5.0,2.593828533761401e-06,35,0.17788369816322142
202,64,0.001,0.1,0.001,128,2.0,0.00010487123290216666,100,0.1467147926889914
203,128,1e-06,0.5,0.001,16,1.0,1.89882426378355e-05,21,0.2168288064674009
204,64,1e-05,0.0,0.0,128,0.5,0.00025379045632647427,100,0.149384267279222
205,32,0.01,0.5,0.0001,256,0.5,0.00018228139919992774,24,0.14094583864237717
206,64,0.01,0.5,0.01,64,,2.468896246173055e-05,18,0.14832073050169914
207,128,0.0001,0.1,0.01,8,0.5,0.0034437585114101116,100,0.14044852845676248
208,128,1e-06,0.5,0.1,128,1.0,3.921232333782155e-05,30,0.2822906652057726
209,128,0.01,0.3,0.0001,128,5.0,0.00011901329528935566,43,0.13771572466150103
210,16,0.01,0.5,0.01,256,2.0,3.093798955458696e-05,20,0.14845378313775356
211,16,0.0001,0.1,0.0,8,,0.0002597803020644149,100,0.1395482701951634
212,128,0.0001,0.3,0.01,8,0.5,0.0004455701060995992,100,0.13931784690399812
213,32,0.01,0.0,0.01,256,,7.921134594879707e-05,37,0.15665919547013893
214,128,1e-05,0.4,0.01,64,5.0,0.0006573139997185342,100,0.16971355335757168
215,64,1e-06,0.0,1e-05,128,5.0,0.0010542536230385485,100,0.16229901203395095
216,64,1e-06,0.1,1e-05,256,0.5,0.0006260055962739859,100,0.1660606363794719
217,32,1e-06,0.1,0.01,16,1.0,0.0024948540809320097,100,0.19030832090338043
218,32,1e-06,0.0,0.0,128,5.0,0.00031278546787271393,100,0.16268713478001562
219,16,0.001,0.2,1e-05,64,,7.432923046651931e-05,100,0.14970076424202378
220,64,0.01,0.5,0.01,64,0.5,1.641699736861291e-05,18,0.14824051187633225
221,64,1e-05,0.4,0.1,64,5.0,0.000502404682545796,100,0.16576225370934972
222,128,1e-05,0.4,0.1,16,2.0,0.0003318729636853126,100,0.2269933906713238
223,16,1e-06,0.5,0.0001,128,0.5,0.0003774270163378059,100,0.18755627465049288
224,64,1e-05,0.2,0.01,128,1.0,0.00046346145020004415,100,0.14755629805163265
225,16,0.01,0.2,0.01,128,2.0,1.081511112901226e-05,18,0.1482218800256284
226,128,1e-06,0.3,0.0001,64,0.5,0.0001933438664478074,47,0.19711586531456185
227,64,1e-05,0.3,0.01,8,,0.0008978975696092692,100,0.15824776215425707
228,256,0.001,0.1,0.01,128,1.0,5.5683077496439525e-05,100,0.1421443521272316
229,64,1e-05,0.4,0.01,64,0.5,0.0010090834805118365,100,0.16245291685585847
230,64,0.001,0.2,1e-05,128,2.0,0.00025733204307851274,100,0.15533827357330696
231,64,0.01,0.3,1e-05,64,2.0,3.329240684327544e-05,100,0.14154913839654346
232,128,0.01,0.0,0.0,8,5.0,3.3824688122944754e-05,100,0.15399163876911928
233,16,1e-06,0.5,1e-05,8,2.0,1.5175414655849288e-06,17,0.2929252928955179
234,128,0.001,0.0,0.0001,8,,0.00011644570415171112,100,0.14454962503089933
235,16,1e-05,0.5,0.0,128,2.0,0.000818905108966967,100,0.16609105568449062
236,128,0.001,0.3,0.0,8,1.0,0.00012869233899798376,62,0.13995681588510162
237,64,1e-05,0.0,1e-05,16,1.0,0.0004109417942124839,100,0.1579393471277282
238,128,1e-05,0.2,0.001,64,,0.0007780918233528145,100,0.1519326516412214
239,16,0.001,0.4,0.001,64,2.0,9.756801413083868e-05,37,0.14284960578057898
240,32,0.01,0.4,0.1,128,5.0,2.205139900258642e-05,20,0.1483427409520159
241,128,0.01,0.0,0.0001,128,,0.0001357856745747066,100,0.1421124080347468
242,32,1e-05,0.1,0.01,128,5.0,0.0006664599895384378,100,0.14257745032947539
243,64,0.0001,0.5,0.0001,8,2.0,0.0012359029647163568,100,0.1434571579833922
244,128,0.01,0.3,0.0001,64,,5.234222225374905e-05,36,0.14281295677433417
245,256,0.01,0.2,0.01,256,,0.0012734041559039823,24,0.14277065709036535
246,256,1e-05,0.0,0.0,256,5.0,0.0002908106300752919,100,0.14996226551405997
247,128,0.01,0.1,1e-05,8,0.5,3.727769425411297e-05,90,0.14143476192739127
248,16,1e-06,0.2,0.0001,128,,0.0001800553755599963,67,0.17035198001821394
249,64,0.01,0.4,0.0,16,0.5,2.356973393136164e-05,92,0.13985462583254574
250,256,0.001,0.2,0.1,64,5.0,9.042858003095307e-05,57,0.14133478513063863
251,256,0.0001,0.5,0.1,16,2.0,0.001515880857340064,100,0.1500833841849732
252,64,0.001,0.3,0.001,256,2.0,7.228100710186758e-05,100,0.14564887822564895
253,256,1e-05,0.5,1e-05,128,0.5,0.0004190559091205172,100,0.16897398558567595
254,16,0.001,0.2,0.0,16,0.5,3.789513617724635e-05,100,0.14357216914674323
255,16,0.0001,0.5,0.01,64,5.0,0.0006524374772030857,81,0.1382200741525571
256,32,0.001,0.3,0.001,8,,2.7144072006996675e-05,55,0.1376449868683603
257,32,1e-05,0.3,0.001,64,0.5,0.0004478003107175882,100,0.15591770508912306
258,32,0.0001,0.3,1e-05,128,,0.0003249225931684586,100,0.14244796845588192
259,256,0.0001,0.0,0.0001,16,,0.0009428234095806198,100,0.1432954471711072
260,128,0.01,0.5,1e-05,64,2.0,4.6343860045812474e-05,57,0.13795060330873732
261,128,1e-05,0.4,0.01,128,0.5,0.0005439029851560683,100,0.15795552241586827
262,256,1e-06,0.1,0.0001,16,2.0,3.377835508496097e-05,31,0.23360485246067167
263,256,1e-05,0.0,0.001,16,1.0,0.00045332165593508106,100,0.1777955298439507
264,256,1e-06,0.2,0.1,16,1.0,5.548607603928018e-05,35,0.23447457360177507
265,64,1e-05,0.4,0.1,128,5.0,0.0005780324862805472,100,0.16053367663871257
266,256,1e-06,0.3,0.001,128,,0.00031434868468998027,100,0.2308100329827235
267,32,0.0001,0.1,1e-05,8,,0.00036162460889321136,100,0.1415230456514438
268,128,0.001,0.5,0.01,256,5.0,0.0001980940255535404,42,0.1386745145123729
269,256,1e-06,0.5,0.0001,16,,0.00016769774756797485,26,0.2352368880014108
270,128,0.01,0.3,0.0,64,2.0,7.73668188151815e-05,100,0.14469855080013727
271,64,0.0001,0.5,0.0001,64,2.0,0.0005430989334158874,100,0.13778064108975982
272,16,0.0001,0.4,0.001,128,5.0,0.0003539108847121586,100,0.14390544776621586
273,128,0.01,0.3,0.1,8,,3.962630459587693e-05,19,0.1495914792708012
274,128,0.0001,0.0,0.001,64,1.0,0.0005324085166597725,100,0.15792665116442334
275,32,0.01,0.4,0.01,16,2.0,9.496244068230185e-06,18,0.14815355118382217
276,256,1e-05,0.0,0.001,8,,0.00077570567769804,100,0.16564499243959277
277,256,1e-06,0.5,0.0001,16,1.0,0.0007144610469761457,39,0.3049534956248292
278,64,0.0001,0.3,0.01,64,1.0,0.0002662245325289754,100,0.14243917691782168
279,128,1e-05,0.1,0.1,256,1.0,0.0007781438051803255,100,0.14394625906442254
280,32,0.001,0.1,1e-05,8,1.0,4.2603964136686495e-05,100,0.14180734096259354
281,16,1e-06,0.5,0.01,16,1.0,8.121033723782738e-06,84,0.2799344122161295
282,64,0.01,0.2,0.001,8,1.0,3.937690660502751e-05,43,0.14150099237193822
283,16,0.01,0.1,0.01,64,5.0,2.1392992147240975e-06,19,0.14861244012118213
284,32,0.0001,0.0,0.1,8,1.0,0.000632081512402641,42,0.1427134607942507
285,16,0.0001,0.0,0.1,256,,3.971968285232201e-05,37,0.14456257312723628
286,32,0.001,0.5,0.1,128,5.0,0.0001457039781594441,22,0.14847062185996932
287,64,0.0001,0.0,0.01,8,5.0,0.001677495181817674,100,0.14340753089209413
288,128,0.001,0.3,0.1,16,2.0,0.00015883966392121187,37,0.14512763977092202
289,256,1e-05,0.0,1e-05,256,1.0,0.0006012519466102637,100,0.14866255686318733
290,64,1e-05,0.3,0.0,128,0.5,0.0009289940148521543,100,0.15418373426892346
291,32,1e-06,0.5,1e-05,256,1.0,0.00010721092574341232,98,0.20296881736111858
292,256,0.0001,0.5,1e-05,64,5.0,0.0006341195025685616,100,0.1491255271581828
293,64,1e-06,0.0,0.0001,128,,0.00047120883817630883,100,0.1608515570164141
294,64,1e-06,0.2,0.1,16,,4.4255966222327465e-05,100,0.2405078000165755
295,128,1e-06,0.5,0.001,128,0.5,0.00010686619184249223,100,0.2168212803113038
296,16,0.0001,0.4,0.001,256,5.0,0.0003556096873195559,100,0.14795441301105916
297,128,0.001,0.2,0.001,128,5.0,0.00015408505570028104,100,0.14700070969175347
298,128,0.001,0.3,0.0,8,,0.00013129644346435306,97,0.13974696656247657
299,64,0.01,0.4,0.0001,16,,3.36610581474321e-05,27,0.14045452777091788
300,256,0.01,0.4,0.1,128,,6.271617317170065e-05,20,0.14831502232765306
301,32,1e-06,0.0,0.01,256,1.0,0.0006478822186503482,100,0.15026105619330138
302,32,0.001,0.3,0.001,128,5.0,4.480801711487744e-05,79,0.13808484040381927
303,32,0.0001,0.1,0.01,256,5.0,0.00022120073812514663,100,0.14709330583360147
304,256,0.01,0.5,0.0,64,5.0,9.110921987765776e-05,100,0.1376676914590858
305,32,0.01,0.0,0.0,64,2.0,0.00011339080986189219,100,0.15555001336969876
306,256,1e-06,0.4,0.0,16,0.5,5.805767453140723e-05,47,0.2854720644047063
307,16,0.001,0.4,0.0001,8,1.0,9.614285067820552e-05,55,0.1400242448122324
308,128,1e-06,0.1,0.0001,256,0.5,0.0002970926096809969,100,0.1563791589450306
309,16,0.001,0.3,1e-05,256,1.0,0.00011874822431971696,100,0.15438338556457012
310,32,0.0001,0.5,0.001,8,2.0,0.0015696688936120177,100,0.13967368853970316
311,256,0.001,0.5,0.0001,256,1.0,0.0001932573236630578,100,0.14449833988770583
312,128,1e-05,0.4,0.01,128,5.0,0.00028509660457086416,69,0.16054741592975522
313,16,1e-05,0.1,1e-05,64,5.0,0.0004236249194336552,100,0.14521897329150843
314,64,1e-05,0.2,0.001,8,,0.0005991670201623768,100,0.1661651812467913
315,256,1e-05,0.1,0.001,16,0.5,0.000300999589158883,100,0.16231201713163046
316,64,1e-05,0.1,0.0,8,0.5,0.0016918334121838843,100,0.16802724414479825
317,128,1e-06,0.5,0.001,64,2.0,8.510161667760438e-06,40,0.282586282023628
318,16,1e-05,0.3,1e-05,16,1.0,0.00047336061861591997,100,0.15211897458443632
319,16,1e-06,0.4,0.1,16,0.5,1.4000924568880603e-05,100,0.2806046536558614
320,32,0.01,0.4,1e-05,64,,2.2273903340930983e-05,73,0.13901232812576944
321,32,0.01,0.2,1e-05,16,2.0,1.1402002158930534e-05,59,0.1392342873036737
322,128,0.001,0.4,0.001,64,0.5,0.00011603092162409453,100,0.14236056355240445
323,32,1e-05,0.2,0.0,16,,0.001347815134886504,100,0.16381162175231712
324,64,1e-05,0.2,0.01,16,,0.00041248766690622345,100,0.1570797016589156
325,128,0.01,0.3,0.0001,256,1.0,0.00011959481895896052,55,0.13743040304245263
326,256,1e-05,0.1,0.1,8,1.0,0.00022532293143471286,100,0.2325555388301176
327,16,0.01,0.1,0.01,16,5.0,4.3360099446461355e-06,18,0.14845887991063209
328,16,1e-05,0.4,0.0001,256,5.0,0.0004948804153669766,100,0.147150599675886
329,16,0.001,0.1,0.01,8,5.0,2.6792301384515045e-05,45,0.13761708288452873
330,256,1e-05,0.5,0.0001,256,2.0,0.00045494465414300527,100,0.16797527628818099
331,32,1e-05,0.1,1e-05,8,0.5,0.000711004408298543,100,0.14380063327589823
332,16,0.001,0.0,0.001,8,1.0,6.103501357911194e-05,76,0.13996028906980928
333,16,0.0001,0.0,0.0,128,,0.0002283852144983942,100,0.16026214740295391
334,64,0.0001,0.4,0.1,16,0.5,0.0011831004111866295,89,0.1443175370118285
335,32,0.001,0.0,0.1,64,5.0,2.4536423677028458e-05,22,0.14901431178657273
336,32,0.01,0.4,0.001,128,1.0,3.8634825217821116e-05,19,0.14419468439457894
337,32,0.001,0.1,0.0,256,2.0,0.0004909497039559535,100,0.16226048755036865
338,16,0.0001,0.3,0.001,8,0.5,0.000687711447640743,100,0.13732866345800568
339,128,1e-06,0.0,1e-05,128,1.0,0.0004450187997152968,100,0.15894051447686758
340,128,1e-06,0.5,0.01,8,5.0,0.0004720196741173561,30,0.25946305831784255
341,32,0.0001,0.3,0.0,64,2.0,0.00029741492491163363,100,0.13888697251418633
342,64,0.01,0.3,0.001,256,,0.00026149255594806796,34,0.1432940762332117
343,256,0.01,0.0,0.0001,64,1.0,0.00011441646555106307,74,0.1539198927306897
344,32,0.0001,0.1,1e-05,64,5.0,0.00018903149649341774,100,0.14425163767025487
345,16,1e-06,0.2,0.0,8,,0.0005421109718883045,100,0.21427018129220848
346,64,0.0001,0.4,1e-05,64,0.5,0.0004173206203760826,100,0.13939107353692257
347,64,0.0001,0.3,0.0001,8,2.0,0.0008070669214282844,100,0.13956610191771354
348,256,0.01,0.1,0.0001,128,1.0,8.963491693906244e-05,80,0.14518525117258796
349,16,1e-06,0.2,0.001,128,2.0,0.00014831908055556824,100,0.16203625828359092
350,32,0.01,0.0,0.0,128,5.0,0.0001459420453165745,100,0.15152468200024835
351,128,0.0001,0.2,0.0001,128,,0.00029266227373700134,100,0.1417173835430152
352,256,1e-05,0.1,0.0001,128,5.0,0.000864042991257209,100,0.14988984302193692
353,64,0.001,0.3,0.0001,128,2.0,0.0001517485848917423,100,0.14549908348986307
354,256,0.0001,0.0,0.001,128,,0.0005561713011388545,100,0.16179189074155437
355,32,1e-05,0.5,1e-05,16,0.5,0.0007212811385312556,100,0.1561351746776354
356,16,1e-06,0.1,0.1,8,5.0,8.33535621066462e-05,100,0.1846121529475776
357,32,1e-06,0.1,1e-05,64,0.5,0.000451562636808976,100,0.19027361639511925
358,16,0.0001,0.3,0.001,64,,0.000300489455757116,100,0.14221971610546774
359,256,0.01,0.4,0.0,8,1.0,0.00011945216974840055,80,0.13942525122959304
360,64,0.001,0.0,0.01,128,5.0,2.52198639741374e-05,83,0.14142950907028576
361,128,1e-06,0.4,0.001,128,2.0,8.87041292305325e-05,67,0.2341098864265744
362,128,0.01,0.1,0.001,8,2.0,6.200857332640094e-06,34,0.1376936521295709
363,16,0.01,0.5,0.0001,8,0.5,1.6733227905196947e-06,22,0.14868921722655
364,128,0.001,0.4,0.0001,64,1.0,0.00015066787999182447,100,0.14380532568158833
365,256,0.001,0.3,0.0001,8,0.5,0.0003227377874328789,100,0.13827971307362757
366,32,0.01,0.2,1e-05,128,0.5,2.7465770710299087e-05,100,0.13917715403874606
367,32,0.0001,0.0,0.0,8,5.0,0.00045009637995406754,80,0.14036535887232748
368,256,0.001,0.1,0.1,16,0.5,0.00017169101803169484,31,0.138626551991581
369,128,0.0001,0.1,1e-05,128,5.0,0.0002875404906500833,100,0.14750377875471216
370,256,0.001,0.0,1e-05,256,5.0,0.0010422409448827342,100,0.18982789288012827
371,128,0.001,0.3,0.001,16,2.0,0.00014033118354861467,100,0.14308785836343718
372,64,0.001,0.0,0.1,64,1.0,1.9234559361227238e-05,27,0.14890831029502113
373,32,0.01,0.5,0.0001,8,0.5,1.0389705335074169e-05,27,0.15004578357856252
374,64,0.0001,0.0,0.0001,16,2.0,0.00014578463319919638,100,0.14403615214909174
375,16,0.01,0.2,0.0,256,1.0,7.171583177205697e-05,88,0.1468398946598224
376,32,0.0001,0.0,0.1,128,1.0,5.232314846263687e-05,53,0.1418561984301442
377,128,1e-05,0.5,0.1,64,5.0,0.0005302333652002974,100,0.1752554226824606
378,256,0.0001,0.4,0.0001,256,0.5,0.0003789397389362258,100,0.14496432704135226
379,16,1e-05,0.2,0.1,256,,0.0006295100594051496,100,0.14692745320783712
380,16,0.001,0.1,0.1,16,5.0,1.4017878000865044e-05,19,0.1486115193723224
381,64,0.01,0.1,0.01,64,2.0,9.698631188846169e-06,20,0.1470786249041143
382,32,0.001,0.3,0.0001,64,1.0,6.544764854964007e-05,100,0.1436984879646225
383,256,1e-06,0.3,0.001,16,1.0,7.918811241814453e-06,22,0.2775997546872304
384,256,0.01,0.5,0.0,256,1.0,0.00020468732299931458,100,0.143795388584919
385,128,0.001,0.5,0.01,16,1.0,0.0002666087018719536,54,0.1384207873625255
386,64,0.001,0.3,0.001,128,0.5,6.820786075019659e-05,100,0.14249206759020056
387,16,0.001,0.5,0.0001,16,,0.00012454590070713035,39,0.13869562251564527
388,256,0.01,0.4,0.0,64,0.5,7.750333141356285e-05,100,0.14214431124793067
389,64,0.01,0.2,1e-05,64,5.0,4.209654217232238e-05,92,0.14098696459739718
390,16,0.0001,0.5,0.001,16,1.0,0.001088099732161913,71,0.13844803232049843
391,32,0.001,0.0,1e-05,8,,4.269405128839208e-05,100,0.14386570413776203
392,128,1e-05,0.3,0.01,128,5.0,0.0003117370862990044,100,0.15402187551368518
393,128,0.0001,0.5,0.0,256,0.5,0.00047302180940984694,100,0.14185539035850137
394,128,0.001,0.2,0.001,64,1.0,0.000138739579100177,100,0.1497466702275677
395,16,0.0001,0.5,0.0001,16,2.0,0.0009029454957405453,73,0.1379812399708537
396,256,0.0001,0.3,0.001,128,5.0,0.0004967168110179593,100,0.1433794742816434
397,16,0.0001,0.4,0.0001,64,0.5,0.00029052762054249044,97,0.14058364561401032
398,32,1e-05,0.2,0.01,128,,0.0004262840952165237,100,0.14355077308611044
399,32,0.01,0.1,0.0001,128,,5.693273099198978e-05,33,0.13872549422732486
400,32,0.0001,0.5,0.0,8,,0.00015775735957233595,95,0.13927007189552515
401,128,0.0001,0.0,0.0,16,5.0,0.0003458418587216362,100,0.14278047140933642
402,128,0.001,0.2,0.001,16,0.5,7.59282561025807e-05,100,0.14316495361946954
403,64,1e-06,0.2,0.001,128,0.5,0.0003858967534185889,100,0.17929349895812638
404,128,0.01,0.2,0.1,64,2.0,2.1681571182938178e-05,19,0.14864788342984372
405,128,0.001,0.1,0.001,64,2.0,0.0001897993037592561,100,0.15110671695443473
406,32,0.01,0.5,0.0001,8,2.0,9.277428736917033e-06,40,0.14428565012882616
407,128,0.01,0.1,0.1,16,1.0,4.1364990123249285e-05,18,0.14847598458181413
408,16,0.01,0.1,0.01,128,5.0,4.982337591494518e-06,18,0.14813772230781228
409,64,0.001,0.2,0.001,8,1.0,7.155779423428288e-05,100,0.14116339417817778
410,128,0.001,0.4,0.001,64,,0.0001405234601757107,90,0.1391061735430718
411,256,1e-06,0.0,0.001,16,1.0,3.6804351558652885e-05,100,0.2473853993821757
412,32,0.0001,0.4,0.001,128,0.5,0.00042846442879336825,100,0.14301655958455167
413,128,0.01,0.2,0.1,256,5.0,0.0006479178641357142,19,0.14913984946777126
414,64,0.0001,0.0,1e-05,8,0.5,0.0005655522766985796,100,0.13988779471349683
415,32,0.001,0.3,0.1,8,,0.0004104314213149833,21,0.1486767693002701
416,256,0.0001,0.1,0.0,64,0.5,0.00027601230434498483,100,0.14151952880239885
417,256,0.0001,0.1,1e-05,64,0.5,0.00041856942373750253,100,0.14247194306770905
418,256,0.001,0.2,0.0001,128,2.0,0.000283229897690615,100,0.1553457151609133
419,128,0.001,0.3,0.0,64,0.5,0.00014800170799783398,100,0.1461515137041667
420,256,0.001,0.4,0.01,256,5.0,0.00021677281894677037,54,0.13844640790856985
421,16,1e-05,0.0,0.1,8,0.5,0.00220881324226605,100,0.15208120864244531
422,32,0.0001,0.3,0.0001,128,2.0,0.00033091294505588846,100,0.14488917077225558
423,256,1e-05,0.1,1e-05,16,2.0,0.00023139569753838528,100,0.15394873926422512
424,64,1e-06,0.4,0.001,16,2.0,0.00010157313088166295,88,0.234122220350687
425,32,1e-05,0.4,0.1,64,2.0,0.0005891023084420085,100,0.1539505574388832
426,32,0.001,0.2,1e-05,64,5.0,0.00011203507872034478,100,0.14691905787705214
427,16,0.0001,0.4,1e-05,64,,0.00040417690864405004,100,0.1408089010892766
428,64,1e-06,0.1,1e-05,256,1.0,0.0008051846400761356,100,0.1676538946418981
429,64,0.0001,0.2,0.001,16,0.5,0.0004488097970322261,100,0.13860058675755055
430,64,0.001,0.0,1e-05,16,,0.00012726848152964124,100,0.15591067725312305
431,64,0.0001,0.2,0.01,16,2.0,0.0006746893232366534,94,0.1390955319828752
432,64,0.0001,0.3,1e-05,128,2.0,0.0003438135505214726,100,0.14001053530073065
433,16,1e-05,0.5,1e-05,256,,0.0006823798032814432,100,0.1547927020131879
434,256,0.001,0.0,0.001,64,5.0,0.0005875386552502141,100,0.18172024338091305
435,32,0.0001,0.2,0.1,16,,0.0006492849455530689,55,0.14177769659251452
436,128,0.0001,0.1,0.1,64,,0.00040389008242812456,100,0.14974727782681635
437,256,0.0001,0.1,0.0001,8,2.0,0.0004934657691636154,100,0.14117999569544618
438,16,0.01,0.1,0.1,256,5.0,1.4893845539195143e-05,23,0.14927093563931448
439,32,0.01,0.5,0.01,8,2.0,9.253442646015978e-06,20,0.14889327964905322
440,64,0.0001,0.4,0.001,8,,0.0012295085967980585,100,0.13846145517777203
441,32,1e-06,0.4,0.0,128,5.0,0.00015151669110151833,100,0.18785570206908903
442,128,1e-06,0.4,0.1,16,5.0,6.850854674553092e-05,47,0.2941544914655672
443,128,1e-05,0.2,0.1,16,,0.0005882481981006669,100,0.17241096601791064
444,256,0.01,0.4,0.1,128,1.0,5.300605127002316e-05,21,0.1486130239950691
445,32,0.0001,0.3,0.1,64,1.0,0.0003238591664200773,64,0.1454995251203097
446,256,0.001,0.2,0.0,128,,0.00026214650377072305,100,0.1578784015596617
447,16,0.0001,0.4,0.0001,128,5.0,0.0002898433855584852,100,0.1426817413976078
448,32,0.0001,0.1,0.1,256,5.0,9.473242901021314e-05,59,0.1412691375544868
449,128,0.001,0.0,0.001,128,5.0,0.0004822453049450312,100,0.1767300111001527
450,128,1e-06,0.4,0.1,128,,0.00011857386377277243,100,0.2508837037963781
451,256,0.01,0.0,1e-05,256,1.0,0.0009353774377474129,100,0.1894180382184472
452,16,1e-05,0.4,1e-05,8,5.0,0.0006751474361713015,100,0.15050536515275334
453,16,0.01,0.4,1e-05,128,5.0,9.742289975426558e-05,44,0.14114288644317624
454,16,0.001,0.5,1e-05,8,0.5,0.0002819247693296461,59,0.138820883385252
455,128,0.0001,0.0,0.01,16,0.5,0.00031185679730889626,100,0.14368867409921007
456,32,0.01,0.3,0.0001,16,,1.3593917317001783e-05,32,0.1391535901625675
457,64,0.001,0.3,0.1,16,5.0,0.00028099955693107297,28,0.148880760441065
458,16,0.01,0.4,0.1,64,,3.907620265599668e-06,27,0.14823038719485748
459,256,0.001,0.2,0.0001,128,2.0,0.0003283485659058327,100,0.15693883387018526
460,16,0.01,0.4,0.0,256,,0.0002803360259710882,71,0.1682060050666125
461,128,0.001,0.5,0.1,8,1.0,9.788243798621827e-05,29,0.14551331441670842
462,256,1e-05,0.0,0.01,128,0.5,0.0006916252688667465,100,0.14729393899772134
463,32,1e-05,0.0,0.0001,256,0.5,0.000432298765529027,100,0.14980221045274053
464,32,1e-06,0.4,0.0001,16,,5.889840281870437e-05,46,0.2612811813220289
465,32,0.0001,0.5,0.1,16,,0.0006719302326395483,52,0.1428799648492845
466,16,1e-06,0.1,0.1,8,,0.001696916585497645,100,0.20122577900415167
467,128,0.001,0.4,1e-05,256,0.5,0.0001973851957743171,100,0.14744059277583196
468,256,0.01,0.4,0.001,8,0.5,4.478969640661364e-05,47,0.13929040605219145
469,128,1e-05,0.0,1e-05,16,,0.0003506401569809247,100,0.15562934620749877
470,16,1e-06,0.5,0.001,256,,0.00017171396239824163,100,0.18946496346412722
471,256,0.0001,0.5,0.0001,8,1.0,0.000954379780429852,100,0.14884234915349615
472,32,1e-05,0.4,0.001,128,5.0,0.0004312662412632684,100,0.15883266822518452
473,32,1e-06,0.2,0.1,256,,0.00028261819959279666,100,0.15783031582625232
474,64,0.0001,0.4,0.0,128,2.0,0.0003480897084607004,100,0.13904551579626673
475,64,1e-06,0.2,1e-05,16,0.5,1.2796182175622322e-06,24,0.2766893323715401
476,128,0.001,0.3,0.0001,256,1.0,0.00029884152598369317,100,0.15079941747915918
477,256,1e-06,0.4,0.001,128,0.5,2.6499672308383774e-05,59,0.2617986730666853
478,128,0.01,0.5,0.0,8,0.5,6.591852256355962e-05,90,0.14082230691117822
479,256,0.0001,0.4,0.1,64,1.0,0.0006660120018618891,100,0.14072939473527268
480,64,1e-06,0.0,0.001,16,1.0,0.00011577880243012845,100,0.17887310011259294
481,32,0.001,0.0,0.1,16,0.5,5.878079150318396e-05,22,0.14864847054284344
482,128,0.01,0.4,0.01,256,1.0,0.0004955531295911673,20,0.14847006714223904
483,16,0.001,0.5,0.0001,16,1.0,0.00013879480773856042,49,0.13973642711303066
484,16,0.001,0.3,0.0001,16,0.5,8.154740924429368e-05,39,0.13916476123692512
485,128,1e-06,0.5,0.0,128,2.0,2.2831521125740842e-05,38,0.2646218344476009
486,32,0.001,0.0,0.001,64,1.0,7.011802542699945e-05,100,0.150888510993821
487,32,0.01,0.3,0.0,128,2.0,7.978200516149503e-05,100,0.14122459714076352
488,256,0.0001,0.1,0.001,16,5.0,0.0006503600347247589,100,0.14053761446285445
489,64,0.001,0.1,0.0001,64,0.5,0.00022444844839350844,100,0.15860822220450063
490,16,0.01,0.5,0.01,8,1.0,2.5688981576290313e-06,24,0.14865907762015834
491,16,0.01,0.3,0.001,128,5.0,5.1503914260090565e-05,19,0.14417855016074302
492,16,0.001,0.0,0.1,128,1.0,1.9369225269011012e-05,20,0.14872156726435873
493,64,1e-06,0.4,1e-05,128,1.0,0.00015614323521731565,100,0.21114535887594268
494,64,0.001,0.5,0.0001,256,2.0,0.00014349534501683595,100,0.1416173212846341
495,64,0.0001,0.3,0.01,256,,0.00040353030753813583,100,0.14345685805273686
496,256,1e-05,0.2,0.1,64,1.0,0.00022540957032542763,100,0.15668938931717152
497,128,1e-05,0.5,0.0001,8,2.0,0.0013136920557580702,100,0.1564538527562272
498,16,1e-05,0.0,1e-05,16,,0.0012512295023047908,100,0.14486204966685273
499,16,1e-06,0.1,1e-05,256,,0.0003585042043198932,100,0.15187606753534208
